-- MySQL dump 10.13  Distrib 5.6.26, for osx10.11 (x86_64)
--
-- Host: 192.168.164.199    Database: gsk_srv
-- ------------------------------------------------------
-- Server version	5.1.73

/*!40101 SET @OLD_CHARACTER_SET_CLIENT=@@CHARACTER_SET_CLIENT */;
/*!40101 SET @OLD_CHARACTER_SET_RESULTS=@@CHARACTER_SET_RESULTS */;
/*!40101 SET @OLD_COLLATION_CONNECTION=@@COLLATION_CONNECTION */;
/*!40101 SET NAMES utf8 */;
/*!40103 SET @OLD_TIME_ZONE=@@TIME_ZONE */;
/*!40103 SET TIME_ZONE='+00:00' */;
/*!40014 SET @OLD_UNIQUE_CHECKS=@@UNIQUE_CHECKS, UNIQUE_CHECKS=0 */;
/*!40014 SET @OLD_FOREIGN_KEY_CHECKS=@@FOREIGN_KEY_CHECKS, FOREIGN_KEY_CHECKS=0 */;
/*!40101 SET @OLD_SQL_MODE=@@SQL_MODE, SQL_MODE='NO_AUTO_VALUE_ON_ZERO' */;
/*!40111 SET @OLD_SQL_NOTES=@@SQL_NOTES, SQL_NOTES=0 */;

--
-- Table structure for table `gsk_module`
--

DROP TABLE IF EXISTS `gsk_module`;
/*!40101 SET @saved_cs_client     = @@character_set_client */;
/*!40101 SET character_set_client = utf8 */;
CREATE TABLE `gsk_module` (
  `module_id` smallint(5) unsigned NOT NULL AUTO_INCREMENT,
  `file` varchar(30) NOT NULL,
  `name` varchar(30) NOT NULL,
  `hidden` tinyint(1) NOT NULL DEFAULT '0',
  `lft` smallint(5) unsigned NOT NULL,
  `rht` smallint(5) unsigned NOT NULL,
  `lvl` tinyint(3) unsigned NOT NULL,
  PRIMARY KEY (`module_id`),
  UNIQUE KEY `file` (`file`)
) ENGINE=MyISAM AUTO_INCREMENT=30 DEFAULT CHARSET=utf8 COMMENT='模块表';
/*!40101 SET character_set_client = @saved_cs_client */;

--
-- Dumping data for table `gsk_module`
--

LOCK TABLES `gsk_module` WRITE;
/*!40000 ALTER TABLE `gsk_module` DISABLE KEYS */;
INSERT INTO `gsk_module` VALUES (1,'','所有模块',0,1,54,0),(2,'kernel','系统设置',0,46,53,1),(3,'module.php','模块管理',0,47,48,2),(4,'privilege.php','权限管理',0,49,50,2),(5,'sysmodule.php','系统模块',1,51,52,2),(6,'db','数据库维护',0,40,45,1),(7,'db_backup.php','数据库备份',0,41,42,2),(8,'db_optimize.php','数据库优化',0,43,44,2),(9,'user','用户权限',0,32,39,1),(10,'user.php','用户管理',0,33,34,2),(12,'role.php','权限管理',0,37,38,2),(11,'user_log.php','用户日志',0,35,36,2),(13,'kandian','看点',0,2,13,1),(14,'zhuaqu.php','抓取管理',0,3,4,2),(16,'zixun.php','咨讯管理',0,5,6,2),(17,'tuijian.php','推荐管理',0,7,8,2),(19,'guanjianci.php','关键词管理',0,9,10,2),(20,'huati.php','话题管理',0,11,12,2),(21,'zhishi','知识',0,14,25,1),(22,'fenlei.php','分类管理',0,15,16,2),(23,'guifan.php','规范管理',0,17,18,2),(24,'gongyi.php','工艺管理',0,19,20,2),(25,'daoru.php','导入管理',0,21,22,2),(26,'lianxiangci.php','联想词管理',0,23,24,2),(27,'xiangmu','项目',0,26,31,1),(28,'xiangmu.php','项目列表',0,29,30,2),(29,'weidu.php','维度管理',0,27,28,2);
/*!40000 ALTER TABLE `gsk_module` ENABLE KEYS */;
UNLOCK TABLES;

--
-- Table structure for table `gsk_privilege`
--

DROP TABLE IF EXISTS `gsk_privilege`;
/*!40101 SET @saved_cs_client     = @@character_set_client */;
/*!40101 SET character_set_client = utf8 */;
CREATE TABLE `gsk_privilege` (
  `privilege_id` smallint(5) unsigned NOT NULL AUTO_INCREMENT,
  `name` varchar(50) NOT NULL,
  `order` tinyint(3) unsigned NOT NULL DEFAULT '1',
  `module_id` smallint(5) unsigned NOT NULL,
  `module_act_code` varchar(20) NOT NULL,
  `module_act_name` varchar(50) NOT NULL,
  PRIMARY KEY (`privilege_id`),
  UNIQUE KEY `module_id` (`module_id`,`module_act_code`)
) ENGINE=MyISAM AUTO_INCREMENT=33 DEFAULT CHARSET=utf8 COMMENT='权限表';
/*!40101 SET character_set_client = @saved_cs_client */;

--
-- Dumping data for table `gsk_privilege`
--

LOCK TABLES `gsk_privilege` WRITE;
/*!40000 ALTER TABLE `gsk_privilege` DISABLE KEYS */;
INSERT INTO `gsk_privilege` VALUES (1,'模块列表',1,3,'list','列表'),(2,'增加模块',2,3,'add','增加'),(3,'编辑模块',3,3,'edit','编辑'),(4,'删除模块',4,3,'del','删除'),(5,'权限列表',1,4,'list','列表'),(6,'增加权限',2,4,'add','增加'),(7,'编辑权限',3,4,'edit','编辑'),(8,'删除权限',4,4,'del','删除'),(9,'我的帐号',1,5,'myaccount','我的帐号'),(10,'数据库备份',1,7,'backup','备份'),(11,'数据库优化',1,8,'optimize','优化'),(12,'用户列表',1,10,'list','列表'),(13,'增加用户',2,10,'add','增加'),(14,'编辑用户',3,10,'edit','编辑'),(15,'删除用户',4,10,'del','删除'),(16,'日志列表',1,11,'list','列表'),(17,'角色列表',1,12,'list','列表'),(18,'增加角色',2,12,'add','增加'),(19,'编辑角色',3,12,'edit','编辑'),(20,'删除角色',4,12,'del','删除'),(21,'抓取列表',1,14,'list','列表'),(22,'咨迅列表',1,16,'list','列表'),(23,'推荐列表',1,17,'list','列表'),(24,'关键词列表',1,19,'list','列表'),(25,'话题列表',1,20,'list','列表'),(26,'分类列表',1,22,'list','列表'),(27,'规范列表',1,23,'list','列表'),(28,'工艺列表',1,24,'list','列表'),(29,'导入列表',1,25,'list','列表'),(30,'联想词列表',1,26,'list','列表'),(31,'项目列表',1,28,'list','列表'),(32,'维度列表',1,29,'list','列表');
/*!40000 ALTER TABLE `gsk_privilege` ENABLE KEYS */;
UNLOCK TABLES;

--
-- Table structure for table `gsk_role`
--

DROP TABLE IF EXISTS `gsk_role`;
/*!40101 SET @saved_cs_client     = @@character_set_client */;
/*!40101 SET character_set_client = utf8 */;
CREATE TABLE `gsk_role` (
  `role_id` smallint(5) unsigned NOT NULL AUTO_INCREMENT,
  `name` varchar(50) NOT NULL,
  `remark` varchar(255) NOT NULL,
  `lft` smallint(5) unsigned NOT NULL,
  `rht` smallint(5) unsigned NOT NULL,
  `lvl` tinyint(3) unsigned NOT NULL,
  PRIMARY KEY (`role_id`)
) ENGINE=MyISAM AUTO_INCREMENT=3 DEFAULT CHARSET=utf8 COMMENT='角色表';
/*!40101 SET character_set_client = @saved_cs_client */;

--
-- Dumping data for table `gsk_role`
--

LOCK TABLES `gsk_role` WRITE;
/*!40000 ALTER TABLE `gsk_role` DISABLE KEYS */;
INSERT INTO `gsk_role` VALUES (1,'超级用户','',1,4,1),(2,'运营组','',2,3,2);
/*!40000 ALTER TABLE `gsk_role` ENABLE KEYS */;
UNLOCK TABLES;

--
-- Table structure for table `gsk_role_privilege`
--

DROP TABLE IF EXISTS `gsk_role_privilege`;
/*!40101 SET @saved_cs_client     = @@character_set_client */;
/*!40101 SET character_set_client = utf8 */;
CREATE TABLE `gsk_role_privilege` (
  `role_id` smallint(5) unsigned NOT NULL,
  `privilege_id` smallint(5) unsigned NOT NULL,
  PRIMARY KEY (`role_id`,`privilege_id`)
) ENGINE=MyISAM DEFAULT CHARSET=utf8 COMMENT='角色权限表';
/*!40101 SET character_set_client = @saved_cs_client */;

--
-- Dumping data for table `gsk_role_privilege`
--

LOCK TABLES `gsk_role_privilege` WRITE;
/*!40000 ALTER TABLE `gsk_role_privilege` DISABLE KEYS */;
INSERT INTO `gsk_role_privilege` VALUES (2,21),(2,22),(2,23),(2,24),(2,25),(2,26),(2,27),(2,28),(2,29),(2,30),(2,31),(2,32);
/*!40000 ALTER TABLE `gsk_role_privilege` ENABLE KEYS */;
UNLOCK TABLES;

--
-- Table structure for table `gsk_user`
--

DROP TABLE IF EXISTS `gsk_user`;
/*!40101 SET @saved_cs_client     = @@character_set_client */;
/*!40101 SET character_set_client = utf8 */;
CREATE TABLE `gsk_user` (
  `user_id` smallint(5) unsigned NOT NULL AUTO_INCREMENT,
  `role_id` smallint(5) unsigned NOT NULL DEFAULT '0',
  `name` varchar(30) NOT NULL,
  `username` varchar(20) NOT NULL,
  `password` varchar(32) NOT NULL,
  `in_time` int(10) unsigned NOT NULL,
  PRIMARY KEY (`user_id`),
  UNIQUE KEY `username` (`username`)
) ENGINE=MyISAM AUTO_INCREMENT=3 DEFAULT CHARSET=utf8 COMMENT='用户表';
/*!40101 SET character_set_client = @saved_cs_client */;

--
-- Dumping data for table `gsk_user`
--

LOCK TABLES `gsk_user` WRITE;
/*!40000 ALTER TABLE `gsk_user` DISABLE KEYS */;
INSERT INTO `gsk_user` VALUES (1,1,'admin','admin','21232f297a57a5a743894a0e4a801fc3',0),(2,2,'gsk','gsk','b5660ffcdaa6841bcb87b225154f8bca',1435219248);
/*!40000 ALTER TABLE `gsk_user` ENABLE KEYS */;
UNLOCK TABLES;

--
-- Table structure for table `gsk_user_log`
--

DROP TABLE IF EXISTS `gsk_user_log`;
/*!40101 SET @saved_cs_client     = @@character_set_client */;
/*!40101 SET character_set_client = utf8 */;
CREATE TABLE `gsk_user_log` (
  `user_log_id` mediumint(8) unsigned NOT NULL AUTO_INCREMENT,
  `user_id` smallint(5) unsigned NOT NULL DEFAULT '0',
  `user_nickname` varchar(30) NOT NULL,
  `user_name` varchar(20) NOT NULL,
  `ip` varchar(15) NOT NULL,
  `info` varchar(1024) NOT NULL,
  `in_time` int(10) unsigned NOT NULL,
  PRIMARY KEY (`user_log_id`)
) ENGINE=MyISAM AUTO_INCREMENT=83 DEFAULT CHARSET=utf8 COMMENT='用户日志表';
/*!40101 SET character_set_client = @saved_cs_client */;

--
-- Dumping data for table `gsk_user_log`
--

LOCK TABLES `gsk_user_log` WRITE;
/*!40000 ALTER TABLE `gsk_user_log` DISABLE KEYS */;
INSERT INTO `gsk_user_log` VALUES (78,1,'admin','admin','192.168.91.51','登陆系统',1437554208),(77,1,'admin','admin','192.168.91.52','登陆系统',1437545441),(76,1,'admin','admin','192.168.91.52','登陆系统',1437445076),(75,1,'admin','admin','192.168.91.52','登陆系统',1437357105),(74,1,'admin','admin','192.168.93.36','登陆系统',1437026768),(73,1,'admin','admin','192.168.93.36','登陆系统',1437026693),(72,1,'admin','admin','192.168.91.51','登陆系统',1437026578),(71,1,'admin','admin','192.168.91.52','登陆系统',1437013020),(70,1,'admin','admin','192.168.78.51','登陆系统',1436938449),(69,1,'admin','admin','192.168.79.42','登陆系统',1436936811),(68,1,'admin','admin','192.168.91.52','登陆系统',1436924839),(67,1,'admin','admin','192.168.91.52','登陆系统',1436752726),(66,1,'admin','admin','192.168.91.57','登陆系统',1436511605),(65,1,'admin','admin','192.168.79.42','登陆系统',1436498782),(64,1,'admin','admin','192.168.79.78','登陆系统',1436493205),(63,1,'admin','admin','192.168.91.60','登陆系统',1436422882),(62,1,'admin','admin','192.168.79.82','登陆系统',1436412506),(61,1,'admin','admin','192.168.91.60','登陆系统',1436320728),(60,1,'admin','admin','192.168.79.78','登陆系统',1436319122),(59,1,'admin','admin','192.168.91.60','登陆系统',1436236118),(58,1,'admin','admin','192.168.79.42','登陆系统',1436150493),(57,1,'admin','admin','192.168.91.60','登陆系统',1436149587),(56,1,'admin','admin','172.17.100.5','登陆系统',1435968126),(55,1,'admin','admin','192.168.78.47','登陆系统',1435909666),(54,1,'admin','admin','192.168.91.60','登陆系统',1435907027),(53,1,'admin','admin','192.168.91.60','登陆系统',1435907005),(52,1,'admin','admin','192.168.91.60','登陆系统',1435902042),(51,1,'admin','admin','192.168.78.47','登陆系统',1435890420),(50,1,'admin','admin','192.168.78.47','登陆系统',1435888991),(49,1,'admin','admin','192.168.91.60','登陆系统',1435886503),(48,1,'admin','admin','192.168.79.42','登陆系统',1435839304),(47,1,'admin','admin','192.168.79.42','退出系统',1435839303),(46,1,'admin','admin','192.168.79.42','登陆系统',1435838379),(45,1,'admin','admin','192.168.67.46','登陆系统',1435726412),(44,1,'admin','admin','192.168.79.42','登陆系统',1435667455),(43,1,'admin','admin','192.168.91.57','登陆系统',1435656665),(42,1,'admin','admin','192.168.79.42','登陆系统',1435554719),(41,1,'admin','admin','192.168.79.42','登陆系统',1435550245),(79,1,'admin','admin','192.168.79.42','登陆系统',1438054852),(80,1,'admin','admin','192.168.79.42','登陆系统',1438086244),(81,1,'admin','admin','192.168.91.47','登陆系统',1438157324),(82,1,'admin','admin','192.168.91.41','登陆系统',1438676152);
/*!40000 ALTER TABLE `gsk_user_log` ENABLE KEYS */;
UNLOCK TABLES;

--
-- Table structure for table `gsk_user_privilege`
--

DROP TABLE IF EXISTS `gsk_user_privilege`;
/*!40101 SET @saved_cs_client     = @@character_set_client */;
/*!40101 SET character_set_client = utf8 */;
CREATE TABLE `gsk_user_privilege` (
  `user_id` smallint(5) unsigned NOT NULL DEFAULT '0',
  `privilege_id` smallint(5) unsigned NOT NULL DEFAULT '0',
  PRIMARY KEY (`user_id`,`privilege_id`)
) ENGINE=MyISAM DEFAULT CHARSET=utf8 COMMENT='用户权限表';
/*!40101 SET character_set_client = @saved_cs_client */;

--
-- Dumping data for table `gsk_user_privilege`
--

LOCK TABLES `gsk_user_privilege` WRITE;
/*!40000 ALTER TABLE `gsk_user_privilege` DISABLE KEYS */;
/*!40000 ALTER TABLE `gsk_user_privilege` ENABLE KEYS */;
UNLOCK TABLES;

--
-- Table structure for table `t_attr`
--

DROP TABLE IF EXISTS `t_attr`;
/*!40101 SET @saved_cs_client     = @@character_set_client */;
/*!40101 SET character_set_client = utf8 */;
CREATE TABLE `t_attr` (
  `f_attr_id` bigint(20) NOT NULL,
  `f_attr_value` text NOT NULL COMMENT '监控项名称',
  PRIMARY KEY (`f_attr_id`)
) ENGINE=InnoDB DEFAULT CHARSET=utf8;
/*!40101 SET character_set_client = @saved_cs_client */;

--
-- Dumping data for table `t_attr`
--

LOCK TABLES `t_attr` WRITE;
/*!40000 ALTER TABLE `t_attr` DISABLE KEYS */;
INSERT INTO `t_attr` VALUES (1,'[请求]总'),(2,'[响应]总'),(3,'[异常]总'),(1000,'[请求]添加好友'),(1001,'[应答]添加好友'),(1002,'[异常]添加好友'),(1003,'[请求]是否同意加为好友'),(1004,'[应答]是否同意加为好友'),(1005,'[异常]是否同意加为好友'),(1006,'[请求]删除好友'),(1007,'[应答]删除好友'),(1008,'[异常]删除好友'),(1009,'[请求]搜索好友'),(1010,'[应答]搜索好友'),(1011,'[异常]搜索好友'),(1012,'[请求]修改好友备注'),(1013,'[应答]修改好友备注'),(1014,'[异常]修改好友备注'),(1501,'[请求]获取用户信息'),(1502,'[应答]获取用户信息'),(1503,'[异常]获取用户信息'),(1504,'[请求]获取用户好友信息'),(1505,'[应答]获取用户好友信息'),(1506,'[异常]获取用户好友信息'),(1507,'[请求]更新用户信息'),(1508,'[应答]更新用户信息'),(1509,'[异常]更新用户信息'),(1510,'[请求]上传通讯录'),(1511,'[应答]上传通讯录'),(1512,'[异常]上传通讯录'),(1513,'[请求]获取推荐项目'),(1514,'[应答]获取推荐项目'),(1515,'[异常]获取推荐项目'),(2000,'[请求]获取群组信息'),(2001,'[应答]获取群组信息'),(2002,'[异常]获取群组信息'),(2003,'[请求]创建群组'),(2004,'[应答]创建群组'),(2005,'[异常]创建群组'),(2006,'[请求]退群'),(2007,'[应答]退群'),(2008,'[异常]退群'),(2009,'[请求]修改群组信息'),(2010,'[应答]修改群组信息'),(2011,'[异常]修改群组信息'),(2012,'[请求]修改群组成员信息'),(2013,'[应答]修改群组成员信息'),(2014,'[异常]修改群组成员信息'),(2015,'[请求]群组邀请成员'),(2016,'[应答]群组邀请成员'),(2017,'[异常]群组邀请成员'),(2018,'[应答]获取用户群组列表'),(2019,'[请求]获取用户群组列表'),(2020,'[异常]获取用户群组列表'),(3001,'[请求]IM消息'),(3002,'[应答]IM消息'),(3003,'[异常]IM消息'),(3011,'[请求]IM离线消息'),(3012,'[应答]IM离线消息'),(3013,'[异常]IM离线消息'),(4001,'[请求]创建任务'),(4002,'[返回]创建任务'),(4003,'[异常]创建任务'),(4004,'[请求]创建任务汇报'),(4005,'[返回]创建任务汇报'),(4006,'[异常]创建任务汇报'),(4007,'[请求]删除任务'),(4008,'[返回]删除任务'),(4009,'[异常]删除任务'),(4010,'[请求]任务详情'),(4011,'[返回]任务详情'),(4012,'[异常]任务详情'),(4013,'[请求]修改任务'),(4014,'[返回]修改任务'),(4015,'[异常]修改任务'),(4016,'[请求]常用部位'),(4017,'[返回]常用部位'),(4018,'[异常]常用部位'),(4019,'[请求]项目任务列表'),(4020,'[返回]项目任务列表'),(4021,'[异常]项目任务列表'),(4022,'[请求]获取任务汇报'),(4023,'[返回]获取任务汇报'),(4024,'[异常]获取任务汇报'),(4025,'[请求]获取任务查看'),(4026,'[返回]获取任务查看'),(4027,'[异常]获取任务查看'),(4028,'[请求]任务提醒'),(4029,'[返回]任务提醒'),(4030,'[异常]任务提醒'),(4031,'[请求]任务小助手提醒'),(4032,'[返回]任务小助手提醒'),(4033,'[异常]任务小助手提醒');
/*!40000 ALTER TABLE `t_attr` ENABLE KEYS */;
UNLOCK TABLES;

--
-- Table structure for table `t_config`
--

DROP TABLE IF EXISTS `t_config`;
/*!40101 SET @saved_cs_client     = @@character_set_client */;
/*!40101 SET character_set_client = utf8 */;
CREATE TABLE `t_config` (
  `f_id` bigint(20) NOT NULL,
  `f_value` text NOT NULL COMMENT '配置项字符串值',
  PRIMARY KEY (`f_id`)
) ENGINE=InnoDB DEFAULT CHARSET=utf8;
/*!40101 SET character_set_client = @saved_cs_client */;

--
-- Dumping data for table `t_config`
--

LOCK TABLES `t_config` WRITE;
/*!40000 ALTER TABLE `t_config` DISABLE KEYS */;
/*!40000 ALTER TABLE `t_config` ENABLE KEYS */;
UNLOCK TABLES;

--
-- Table structure for table `t_version`
--

DROP TABLE IF EXISTS `t_version`;
/*!40101 SET @saved_cs_client     = @@character_set_client */;
/*!40101 SET character_set_client = utf8 */;
CREATE TABLE `t_version` (
  `f_id` int(11) NOT NULL AUTO_INCREMENT,
  `f_desc` text NOT NULL,
  `f_os` int(11) NOT NULL,
  `f_channel` int(11) NOT NULL,
  `f_version` int(11) NOT NULL,
  `f_build_id` int(11) NOT NULL,
  -- f_time TIMESTAMP DEFAULT CURRENT_TIMESTAMP,
  PRIMARY KEY (`f_id`)
) ENGINE=InnoDB AUTO_INCREMENT=59 DEFAULT CHARSET=utf8;
/*!40101 SET character_set_client = @saved_cs_client */;

--
-- Dumping data for table `t_version`
--

LOCK TABLES `t_version` WRITE;
/*!40000 ALTER TABLE `t_version` DISABLE KEYS */;
INSERT INTO `t_version` VALUES (13,'[jenkins]REMOVE R.java\nD	GSK/gen/com/grandsoft/gsk/R.java\n\n[jenkins]BUILD\nM	GSK/build.sh\nM	GSK/gen/com/grandsoft/gsk/R.java\n\n[jenkins]Merge branch master of 192.168.164.200:gsk/android\n[jenkins]BUILD\nM	GSK/build.sh\nD	GSK/deploy.sh\n\n[鲁春雷]bug修复\nM	GSK/src/com/grandsoft/gsk/ui/activity/MainTabActivity.java\nM	GSK/src/com/grandsoft/gsk/ui/adapter/chat/MessageAdapter.java\n\n[鲁春雷]Merge branch master of http://192.168.164.200/gsk/android\n[鲁春雷]R\nM	GSK/gen/com/grandsoft/gsk/R.java\n\n[dongtz]Merge branch master of 192.168.164.200:gsk/android\n[dongtz]android studio\nM	GSK/AndroidManifest.xml\nM	GSK/build.gradle\nD	GSK/res/drawable-hdpi/loading_bg.9.PNG\nM	GSK/res/layout/activity_project_set_area.xml\nM	GSK/res/layout/loading_dialog.xml\n\n[jizhe]Merge branch master of 192.168.164.200:gsk/android',3,1,10599,3),(14,'[jenkins]REMOVE R.java\nD	GSK/gen/com/grandsoft/gsk/R.java\n\n[jenkins]BUILD\nM	GSK/build.sh\nM	GSK/gen/com/grandsoft/gsk/R.java\n\n[jenkins]Merge branch master of 192.168.164.200:gsk/android\n[jenkins]BUILD\nM	GSK/build.sh\nD	GSK/deploy.sh\n\n[鲁春雷]bug修复\nM	GSK/src/com/grandsoft/gsk/ui/activity/MainTabActivity.java\nM	GSK/src/com/grandsoft/gsk/ui/adapter/chat/MessageAdapter.java\n\n[鲁春雷]Merge branch master of http://192.168.164.200/gsk/android\n[鲁春雷]R\nM	GSK/gen/com/grandsoft/gsk/R.java\n\n[dongtz]Merge branch master of 192.168.164.200:gsk/android\n[dongtz]android studio\nM	GSK/AndroidManifest.xml\nM	GSK/build.gradle\nD	GSK/res/drawable-hdpi/loading_bg.9.PNG\nM	GSK/res/layout/activity_project_set_area.xml\nM	GSK/res/layout/loading_dialog.xml\n\n[jizhe]Merge branch master of 192.168.164.200:gsk/android',3,1,10599,4),(15,'',3,1,10608,5),(19,'',3,998,10610,6),(22,'[lijia]Merge branch master of 192.168.164.200:gsk/android\n[lijia]修改bug\nM	GSK/src/com/grandsoft/gsk/ui/activity/task/EditTaskActivity.java\n\n[zhaoys]BUILD\nM	GSK/build.sh\n\n[lijia]Merge branch master of 192.168.164.200:gsk/android',3,998,10614,7),(23,'[lijia]修改bug\nM	GSK/src/com/grandsoft/gsk/ui/adapter/chat/MessageAdapter.java',3,998,10615,8),(27,'[jenkins]BUILD\nM	GSK/build.xml\n\n[jenkins]Merge branch master of 192.168.164.200:gsk/android\n[jenkins]R.java\nD	GSK/gen/com/grandsoft/gsk/R.java\n\n[zhaoys]R.java\nD	GSK/gen/com/grandsoft/gsk/R.java',3,998,10619,11),(28,'',3,998,10619,12),(29,'[jenkins]BUILD\nM	GSK/AndroidManifest.xml\n\n[jenkins]ANT\nM	GSK/AndroidManifest.xml\nM	GSK/ant.properties\nM	GSK/custom_rules.xml',3,998,10621,17),(51,'[dongtz]test android studio\nM	GSK/src/com/grandsoft/gsk/ui/activity/project/ProjectActivity.java\n\n[jenkins]BUILD\nM	GSK/AndroidManifest.xml\nM	GSK/build.sh',3,998,10623,18),(52,'',2,998,10007,21),(53,'',2,998,10010,22),(54,'[yongsheng.zhao]BUILD\nM	GSK/build.sh\n\n[yongsheng.zhao]看点返回按钮的更新时机调整\nM	GSK/GSK/Classes/Controller/MainViewController.m\nM	GSK/GSK/Classes/Controller/WatchingFocus/WatchingFocusViewController.h\nM	GSK/GSK/Classes/Controller/WatchingFocus/WatchingFocusViewController.m',2,998,10012,23),(55,'[鲁春雷]群聊列表细节修改\nM	GSK/res/layout/select_group_list_item.xml\nM	GSK/src/com/grandsoft/gsk/ui/activity/chatgroup/SelectGroupActivity.java\nM	GSK/src/com/grandsoft/gsk/ui/adapter/chatgroup/SelectGroupAdapter.java\n\n[jizhe]我的群聊分类、退群、建群等\nM	GSK/res/layout/select_group_activity.xml\nM	GSK/res/layout/select_group_list_item.xml\nM	GSK/res/values-zh-rCN/strings.xml\nM	GSK/res/values/strings.xml\nM	GSK/src/com/grandsoft/gsk/ui/activity/chatgroup/SelectGroupActivity.java\nM	GSK/src/com/grandsoft/gsk/ui/adapter/chatgroup/SelectGroupAdapter.java\n\n[鲁春雷]bug修复\nM	GSK/res/layout/message_other_weather_message_item.xml\nM	GSK/src/com/grandsoft/gsk/ui/adapter/chat/MessageAdapter.java\n\n[dongtz]Android_项目--用户加入项目时，项目详情页显示的建筑单位显示错误。（建筑单位显示的是监理单位的值）\nM	GSK/src/com/grandsoft/gsk/ui/activity/project/ProjectDetailOtherActivity.java\n\n[dongtz]gskdata\nM	GSK/src/com/grandsoft/gsk/common/GSKData.java\n\n[dongtz]Merge branch master of 192.168.164.200:gsk/android\n[dongtz]project request\nM	GSK/res/layout/activity_prj_join_request.xml\n\n[鲁春雷]bug修复\nM	GSK/src/com/grandsoft/gsk/ui/adapter/chat/MessageAdapter.java\n\n[鲁春雷]bug修复\nM	GSK/src/com/grandsoft/gsk/ui/adapter/chat/MessageAdapter.java\n\n[lijia]Merge branch master of 192.168.164.200:gsk/android\n[dongtz]test android studio\nM	GSK/src/com/grandsoft/gsk/ui/activity/project/ProjectActivity.java\n\n[lijia]Merge branch master of 192.168.164.200:gsk/android',3,998,10635,19),(56,'[jenkins]BUILD\nM	GSK/build.sh\n\n[tianlangdao]优化\nM	GSK/GSK/Classes/Controller/IM/Contacts/DetailInfo/ContactDetailTableViewController.m\n\n[tianlangdao]优化\nM	GSK/GSK/Classes/Controller/My/PersonalInfoViewController.m\n\n[tianlangdao]优化\n[tianlangdao]优化\nM	GSK/GSK/Classes/Controller/IM/Contacts/DetailInfo/ContactDetailTableViewController.m\n\n[qing]Merge remote-tracking branch origin/master\n[qing]Merge remote-tracking branch origin/master\n[qing]更新天气\nM	GSK/GSK.xcodeproj/project.pbxproj\nM	GSK/GSK/Classes/Controller/ProjectCollaboration/Project/ProjectWeatherViewController.m\nA	GSK/GSK/Resources/Images/PorjectCollaboration/weatherCloudBG.png\nA	GSK/GSK/Resources/Images/PorjectCollaboration/weatherCloudyBG.png\nA	GSK/GSK/Resources/Images/PorjectCollaboration/weatherSunnyBG.png\n\n[tianlangdao]优化\nM	GSK/GSK/Classes/Controller/MainViewController.m\nM	GSK/GSK/Classes/Controller/ProjectCollaboration/CloudData/CloudDataViewController+OverView.m\nM	GSK/GSK/Classes/Controller/ProjectCollaboration/Project/ProjectScanViewController.m\n\n[tianlangdao]优化\nM	GSK/GSK/Classes/Controller/IM/Chat/ChatQRcodeViewController.m\n\n[tianlangdao]conflict\n[tianlangdao]22\nM	GSK/GSK/Classes/View/IM/Chat/MessageView/ChatCell/ChatCellBubble/ChatApplyProjectBubbleView.m\nM	GSK/GSK/Classes/View/IM/Chat/MessageView/ChatCell/ChatViewCell.m\n\n[tianlangdao]1\nM	GSK/GSK/Classes/Core/FileTransfer/ChatDownloader.m\nM	GSK/GSK/Classes/Core/IM/API/IMClient.m\nM	GSK/GSK/Classes/View/IM/Chat/MessageView/ChatCell/ChatCellBubble/ChatTaskHelpCardBubbleView.h\nM	GSK/GSK/Classes/View/IM/Chat/MessageView/ChatCell/ChatCellBubble/ChatTaskHelpCardBubbleView.m\nM	GSK/GSK/Classes/View/IM/Chat/MessageView/ChatCell/Task/ChatTaskRectAndBubbleView.m\n\n[tianlangdao]dd\nM	GSK/GSK/Classes/Controller/IM/Chat/ChatViewController.m\nM	GSK/GSK/Classes/Controller/ProjectCollaboration/CloudData/CloudDataViewController.m\nM	GSK/GSK/Classes/Controller/ProjectCollaboration/CloudData/SingeFileViewController.m\n\n[Chenqx]测试\nM	GSK/GSK/Classes/Controller/IM/Chat/ChatViewController.m\n\n[tianlangdao]优化\nM	GSK/GSK/Classes/Controller/IM/Chat/ChatViewController.m\n\n[com.grandsoft]我知道了，状态修改\nM	GSK/GSK/Classes/Controller/IM/Chat/ChatViewController.m\n\n[com.grandsoft]代码优化\nM	GSK/GSK/Classes/View/IM/Chat/MessageView/ChatCell/ChatCellBubble/ChatTaskHelpCardBubbleView.m\n\n[com.grandsoft]Merge remote-tracking branch origin/master\n[com.grandsoft]显示代码优化\nM	GSK/GSK/Classes/View/IM/Chat/MessageView/ChatCell/ChatCellBubble/ChatTaskHelpCardBubbleView.h\nM	GSK/GSK/Classes/View/IM/Chat/MessageView/ChatCell/ChatCellBubble/ChatTaskHelpCardBubbleView.m\nM	GSK/GSK/Classes/View/IM/Chat/MessageView/ChatCell/ChatViewCell.m\nM	GSK/GSK/Classes/View/IM/Chat/MessageView/ChatCell/Task/ChatTaskRectAndBubbleView.m\n\n[tianlangdao]优化\nM	GSK/GSK/Classes/Controller/IM/Chat/ChatQRcodeViewController.m\n\n[tianlangdao]Merge remote-tracking branch origin/master\n[tianlangdao]优化\nM	GSK/GSK.xcodeproj/project.pbxproj\nM	GSK/GSK/Classes/Controller/IM/Chat/ChatViewController.m\nM	GSK/GSK/Classes/Controller/ProjectCollaboration/RecognitionGroupViewController.m\nM	GSK/GSK/Classes/NewModel/GSKDataModel+DataProcessing.m\nM	GSK/GSK/Classes/NewModel/GSKDataModel+Request.h\nM	GSK/GSK/Classes/NewModel/GSKDataModel+Request.m\n\n[qing]更新UI\nM	GSK/GSK/Classes/View/IM/ProjectCollaboration/ProjectDetailInformationCell.m\n\n[com.grandsoft]代码优化,只看我的\nM	GSK/GSK/Classes/Controller/ProjectCollaboration/CloudData/CloudDataViewController.m\n\n[com.grandsoft]代码优化，云文件，发送到会话\nM	GSK/GSK/Classes/Core/IM/API/IMClient.m\n\n[tianlangdao]解决1584 bug\nM	GSK/GSK/Classes/Controller/ProjectCollaboration/Project/ProjectScanViewController.m\n\n[com.grandsoft]放弃下载＋重新下载\nM	GSK/GSK/Classes/Controller/ProjectCollaboration/CloudData/SingeFileViewController.m\n\n[com.grandsoft]无网络，云文件，下载\nM	GSK/GSK/Classes/Controller/ProjectCollaboration/CloudData/SingeFileViewController.m\nM	GSK/GSK/Classes/Core/FileTransfer/ChatDownloader.m\n\n[com.grandsoft]代码优化\nM	GSK/GSK/Classes/View/IM/Chat/MessageView/ChatCell/ChatCellBubble/ChatApplyProjectBubbleView.m\n\n[tianlangdao]解决1578bug\nM	GSK/GSK/Classes/Controller/IM/Chat/ChatSettingsViewController.m\n\n[tianlangdao]解决1571bug\nM	GSK/GSK/Classes/Controller/IM/Chat/ChatQRcodeViewController.m\n\n[tianlangdao]解决1568 bug\nM	GSK/GSK/Classes/Controller/IM/Chat/ChatQRcodeViewController.m\n\n[tianlangdao]解决1567bug\nM	GSK/GSK/Classes/Controller/ProjectCollaboration/CloudData/CloudDataViewController.m\n\n[yongsheng.zhao]BUILD\nM	GSK/build.sh\n\n[yongsheng.zhao]看点返回按钮的更新时机调整\nM	GSK/GSK/Classes/Controller/MainViewController.m\nM	GSK/GSK/Classes/Controller/WatchingFocus/WatchingFocusViewController.h\nM	GSK/GSK/Classes/Controller/WatchingFocus/WatchingFocusViewController.m',2,998,10048,26),(57,'[jenkins]BUILD\nM	GSK/build.sh',2,998,10049,27),(58,'[jenkins]BUILD\nM	GSK/build.sh\n\n[jenkins]BUILD\nM	GSK/build.sh\n\n[jenkins]BUILD\nM	GSK/build.sh\n\n[dongtz]项目搜索结果优化\nM	GSK/src/com/grandsoft/gsk/ui/activity/project/ProjectListAdapter.java\nM	GSK/src/com/grandsoft/gsk/ui/activity/project/ProjectListItemBean.java',3,998,10639,22);
/*!40000 ALTER TABLE `t_version` ENABLE KEYS */;
UNLOCK TABLES;


DROP TABLE IF EXISTS `t_channel`;
CREATE TABLE `t_channel` (
  `f_id` int(11) NOT NULL AUTO_INCREMENT,
  `f_name` text NOT NULL,
  `f_os` int(11) NOT NULL,
  `f_test_version` int(11) NOT NULL,
  `f_online_version` int(11) NOT NULL,
  PRIMARY KEY (`f_id`)
) ENGINE=InnoDB AUTO_INCREMENT=1 DEFAULT CHARSET=utf8;
INSERT INTO `t_channel` VALUES (1,'内测版本','3','0','0'),(998,'公测版本','3','0','0');



--
-- Table structure for table `user`
--

DROP TABLE IF EXISTS `user`;
/*!40101 SET @saved_cs_client     = @@character_set_client */;
/*!40101 SET character_set_client = utf8 */;
CREATE TABLE `user` (
  `id` int(11) NOT NULL AUTO_INCREMENT,
  `username` varchar(50) NOT NULL DEFAULT '' COMMENT '登录名',
  `password` varchar(32) NOT NULL DEFAULT '' COMMENT '密码',
  `nickname` varchar(64) DEFAULT '' COMMENT '昵称',
  `mobile` varchar(20) DEFAULT '' COMMENT '手机号',
  `email` varchar(32) DEFAULT '' COMMENT '邮箱',
  `avatar` varchar(1024) DEFAULT '' COMMENT '图像，可能有多个，逗号隔开',
  `post` varchar(20) DEFAULT '' COMMENT '工作职位',
  `working_age` varchar(10) DEFAULT '' COMMENT '工作年限',
  `createTime` bigint(20) NOT NULL COMMENT '创建时间',
  `seqId` varchar(36) NOT NULL DEFAULT '' COMMENT '序列Id',
  `company_type` varchar(30) DEFAULT '' COMMENT '公司类型',
  `district` varchar(20) DEFAULT '' COMMENT '用户所在区域',
  `desc` varchar(100) DEFAULT '' COMMENT '用户描述',
  `allow_search` tinyint(11) DEFAULT '1' COMMENT '是否允许通过手机号搜索（1：允许，默认值；0：不允许）',
  `allow_add_friend` tinyint(11) DEFAULT '1' COMMENT '是否允许被其他人添加为好友（1：允许，默认值；0：不允许）',
  `last_login_device_type` tinyint(11) DEFAULT NULL COMMENT '最后登录设备类型（1:android, 2:ios）',
  `token_id` varchar(80) DEFAULT '' COMMENT '推送tokenID',
  `level` tinyint(11) DEFAULT '0' COMMENT '用户等级',
  `status` tinyint(11) DEFAULT '1' COMMENT '用户状态',
  `last_login_time` bigint(20) DEFAULT NULL COMMENT '最后登录时间',
  `yun_id` varchar(36) DEFAULT '' COMMENT '广联云用户Id',
  `work_title` varchar(36) DEFAULT '' COMMENT '职称',
  PRIMARY KEY (`id`),
  UNIQUE KEY `user_seqId_index` (`seqId`),
  KEY `user_creatTime_index` (`createTime`),
  KEY `user_nickname_index` (`nickname`) USING BTREE
) ENGINE=InnoDB AUTO_INCREMENT=142 DEFAULT CHARSET=utf8;
/*!40101 SET character_set_client = @saved_cs_client */;

--
-- Dumping data for table `user`
--

LOCK TABLES `user` WRITE;
/*!40000 ALTER TABLE `user` DISABLE KEYS */;
INSERT INTO `user` VALUES (2,'18612320361','vW+Llo2SjdziXuGRabKt+A==','武汉市whscqx%','18612320361','','/i/user/201504/2_70.png,/i/user/201504/2_140.png,/i/user/201504/2_ori.png','材料员','',1429079397659,'5983876188250243241','其他','北京,海淀','',1,1,2,'',0,0,1432264968315,'5983876188250243241',''),(3,'15801499165','GgtB5Ohl9lJTJVeBTv4xgg==','在线等','15801499165','','/i/user/201504/3_20.png,/i/user/201504/3_120.png,/i/user/201504/3_ori.png','项目经理','',1429079471114,'5980600427320848871','设计单位','','',1,1,2,'',0,0,1432103853113,'5980600427320848871',''),(4,'18600162366','sdYBPwVA5bg=','方程','18600162366','','/i/user/201504/4_20.png,/i/user/201504/4_120.png,/i/user/201504/4_ori.png','材料员','8至10年',1429081008022,'5832735795782541881','专业分包单位','北京,丰台','',1,1,2,'',0,0,1432102358414,'5832735795782541881','助理工程师'),(5,'18600211682','YI0eed7lJvS1EtriiGrn/Q==','李晨','18600211682','iphonetest212@163.com','/i/user/201504/5_70_1430188524132.png,/i/user/201504/5_140_1430188524132.png,/i/user/201504/5_ori_1430188524132.png','建筑设计师','15年以上',1429081054720,'5988503169247326370','资讯单位','国外,越南','',1,1,2,'',0,0,1431593133504,'5988503169247326370','教授级工程师'),(6,'13810008325','ujsujV/MtE7iXuGRabKt+A==','唐昕','13810008325','','/i/user/201504/6_20.png,/i/user/201504/6_120.png,/i/user/201504/6_ori.png','项目经理','1年',1429082497903,'5991476172542124572','建筑单位','北京,海淀','',1,1,2,'',0,0,1430465333039,'5991476172542124572','工程师'),(7,'18520806070','xaMYCugvSRPiXuGRabKt+A==','陶晨','18520806070','','/i/user/201504/7_20.png,/i/user/201504/7_120.png,/i/user/201504/7_ori.png','施工员','',1429082593197,'5989646420600156308','资讯单位','山东,东营','',1,1,2,'',0,0,1429866273113,'5989646420600156308',''),(8,'18611154953','vDu8UpViCJDiXuGRabKt+A==','hiro','18611154953','','/i/user/201504/8_20.png,/i/user/201504/8_120.png,/i/user/201504/8_ori.png','建筑设计师','5至8年',1429082621163,'5967926374714536667','设计单位','北京,昌平','',1,1,2,'',0,0,1431084699095,'5967926374714536667','高级工程师'),(9,'15010214472','t6xhaHEn2YNpiKoiuZJVyw==','夏泽勇','15010214472','','/i/user/201504/9_20.png,/i/user/201504/9_120.png,/i/user/201504/9_ori.png','劳务员','',1429083039569,'5993633722011050897','劳务分包单位','','',1,1,2,'',0,0,1430357769391,'5993633722011050897',''),(10,'15633168106','R2gYVGkMjCjiXuGRabKt+A==','随风飘舞','','','/i/user/201504/10_20.png,/i/user/201504/10_120.png,/i/user/201504/10_ori.png','物流运输','',1429083125649,'5993654395458421452','建筑单位','北京,昌平','',1,1,2,'',0,0,1430019754528,'5993654395458421452',''),(11,'18730025135','R2gYVGkMjCjiXuGRabKt+A==','小雪雪','18730025135','','/i/user/201504/11_20.png,/i/user/201504/11_120.png,/i/user/201504/11_ori.png','其他','13至15年',1429083540639,'5988508327268847946','建筑单位','北京,昌平','',1,1,2,'',0,0,1431999859013,'5988508327268847946','其他'),(12,'18146501973','sZpIqWbzjHpZyGzcGv9LrQ==','余小侠','18146501973','','/i/user/201504/12_20.png,/i/user/201504/12_120.png,/i/user/201504/12_ori.png','其他','5至8年',1429083574342,'5986362382304859038','其他','上海,宝山','',1,1,2,'',0,0,1432107854861,'5986362382304859038','助理工程师'),(13,'13269261639','Cq/wwiU0+3QNAKtOsKzu3Q==','洋溢','13269261639','','/i/user/201504/13_20.png,/i/user/201504/13_120.png,/i/user/201504/13_ori.png','土木工程师','3至5年',1429083652798,'5991476224940978727','资讯单位','北京市,昌平区','',1,1,2,'',0,0,1431333300941,'5991476224940978727','助理工程师'),(14,'18700739820','HpZLTpjoFZJlHMd6fSiWtg==','小白','18700739820','','/i/user/201504/14_20.png,/i/user/201504/14_120.png,/i/user/201504/14_ori.png','施工员','',1429083727131,'5991808950638273195','设计单位','','',1,1,1,'',0,0,1432002119462,'5991808950638273195',''),(16,'18310797560','HpZLTpjoFZJlHMd6fSiWtg==','linkin','','tianwangzz_002@163.com','/i/user/201504/16_20.jpg,/i/user/201504/16_120.jpg,/i/user/201504/16_ori.jpg','其他','10-13年',1429084239346,'5986094509381464827','设计单位','陕西省,宝鸡市','',1,1,1,'',0,0,1430389108164,'5986094509381464827','教授级工程师'),(17,'15110179418','d/Fq/4dTk5biXuGRabKt+A==','刘亦菲老公','15110179418','','/i/user/201504/17_70_1430188325151.jpg,/i/user/201504/17_140_1430188325151.jpg,/i/user/201504/17_ori_1430188325151.jpg','材料员','13-15年',1429084503495,'5984512355581342386','建设单位','北京市,海淀区','',1,1,1,'',0,0,1432186743649,'5984512355581342386','教授级工程师'),(18,'15110266437','8Q/JeUpOGv3iXuGRabKt+A==','蒋利辉','15110266437','','/i/user/201504/18_20.jpg,/i/user/201504/18_120.jpg,/i/user/201504/18_ori.jpg','材料员','5-8年',1429084536743,'5984200935193850578','设计单位','北京市,海淀区','',1,0,1,'',0,0,1431912939896,'5984200935193850578','高级工程师'),(19,'18610210990','dh+KNfJCbvOPrQxoR0Xuzw==','乔禹','18610210990','','/i/user/201504/19_20.png,/i/user/201504/19_120.png,/i/user/201504/19_ori.png','施工员','',1429085332010,'5989687259300918139','建筑单位','广东,潮州','',1,1,2,'',0,0,1431929505274,'5989687259300918139',''),(20,'13401149383','prOYdrskqcKC+KLDbcu5uA==','葛墨无','13401149383','','/i/user/201504/20_20.png,/i/user/201504/20_120.png,/i/user/201504/20_ori.png','材料员','13-15年',1429085356629,'5981744120120726018','监理单位','北京市,昌平区','',1,1,1,'',0,0,1430266735853,'5981744120120726018','其他'),(22,'18710869869','HpZLTpjoFZJlHMd6fSiWtg==','小川','18710869869','','/i/user/201504/22_20.jpg,/i/user/201504/22_120.jpg,/i/user/201504/22_ori.jpg','土木工程师','8-10年',1429087197827,'5991779475749589340','设计单位','甘肃省,兰州市','',1,1,1,'',0,0,1432000457560,'5991779475749589340','高级工程师'),(23,'18883882105','HpZLTpjoFZJlHMd6fSiWtg==','羊凡','18883882105','','/i/user/201504/23_20.jpg,/i/user/201504/23_120.jpg,/i/user/201504/23_ori.jpg','建筑设计师','10-13年',1429087305627,'5989232298327588925','建设单位','甘肃省,白银市','',1,1,1,'',0,0,1431913922896,'5989232298327588925','教授级工程师'),(25,'18600152830','GgtB5Ohl9lJTJVeBTv4xgg==','我叫习大大','18600152830','','/i/user/201504/25_20.png,/i/user/201504/25_120.png,/i/user/201504/25_ori.png','建筑设计师','5至8年',1429088905690,'5986380208218714672','建筑单位','北京,昌平','',1,1,2,'',0,0,1430304985880,'5986380208218714672','教授级工程师'),(26,'13693165352','YI0eed7lJvT6Y+eIGxAm0w==','star','13693165352','','/i/user/201504/26_20.jpg,/i/user/201504/26_120.jpg,/i/user/201504/26_ori.jpg','其他','',1429089015742,'5994033773486084575','其他','','',1,1,1,'',0,0,1429273403198,'5994033773486084575','助理工程师'),(27,'18602150680','w7feL4E1DkviXuGRabKt+A==','晶晶','','','/i/user/201504/27_20.png,/i/user/201504/27_120.png,/i/user/201504/27_ori.png','建筑设计师','',1429095418801,'5994060622908428772','设计单位','','',1,1,2,'',0,0,1429154864797,'5994060622908428772',''),(28,'13681172962','vW+Llo2SjdziXuGRabKt+A==','1368117','13681172962','','/i/user/201504/28_70.png,/i/user/201504/28_140.png,/i/user/201504/28_ori.png','材料员','',1429150506537,'5988186372153369468','','','',1,1,2,'',0,0,1429778402110,'5988186372153369468',''),(29,'13521791994','sdYBPwVA5bg=','刘新民','13521791994','','/i/user/201504/29_20.jpg,/i/user/201504/29_120.jpg,/i/user/201504/29_ori.jpg','施工员','',1429150607539,'5994292104992739600','设计单位','','',1,1,1,'',0,0,1430902897202,'5994292104992739600',''),(30,'18630054429','R2gYVGkMjCjiXuGRabKt+A==','李雷累','18630054429','','/i/user/201504/30_20.jpg,/i/user/201504/30_120.jpg,/i/user/201504/30_ori.jpg','质检员','3-5年',1429152314933,'5991398023221657712','资讯单位','北京市,昌平区','',1,0,1,'',0,0,1431932645904,'5991398023221657712','工程师'),(31,'15901275051','w7feL4E1DkviXuGRabKt+A==','晕晕','15901275051','','/i/user/201504/31_20.png,/i/user/201504/31_120.png,/i/user/201504/31_ori.png','建筑设计师','3至5年',1429153560953,'5994304496392827591','监理单位','北京,东城','',1,1,1,'',0,0,1432001291091,'5994304496392827591','高级工程师'),(32,'13717617365','SGnEWAUVNggFtmqgwb6VcQ==','娟子','13717617365','','/i/user/201504/32_20.png,/i/user/201504/32_120.png,/i/user/201504/32_ori.png','项目经理','',1429154107348,'5994306783757947685','其他','','',1,1,2,'',0,0,1429702796635,'5994306783757947685',''),(33,'13811349261','va0Yw9NQaJviXuGRabKt+A==','Eric','13811349261','','/i/user/201504/33_20.jpg,/i/user/201504/33_120.jpg,/i/user/201504/33_ori.jpg','项目经理','5-8年',1429154107356,'5994306786449821969','施工总包单位','北京市,海淀区','',1,1,1,'',0,0,1431331478876,'5994306786449821969','工程师'),(34,'wangjj_reap@163.com','gJB8pg/Marc=','Mingren','','wangjj_reap@163.com','https://account.glodon.com/avatar/show/5856221030582337699/32,https://account.glodon.com/avatar/show/5856221030582337699/48,https://account.glodon.com/avatar/show/5856221030582337699/120','','',1429168426973,'5856221030582337699','','','',1,1,1,'',0,0,1429168426976,'5856221030582337699',''),(35,'18734810811','HpZLTpjoFZJlHMd6fSiWtg==','绘声绘色HD','18734810811','','/i/user/201504/35_20.jpg,/i/user/201504/35_120.jpg,/i/user/201504/35_ori.jpg','材料员','',1429169436081,'5986019558287646995','设计单位','','',1,1,1,'',0,0,1429169436085,'5986019558287646995',''),(36,'13693054672','Yf1RvQHmg03iXuGRabKt+A==','闫志','13693054672','','/i/user/201504/36_20.jpg,/i/user/201504/36_120.jpg,/i/user/201504/36_ori.jpg','土木工程师','15年以上',1429171426348,'5991536487228580824','施工总包单位','北京市,海淀区','',1,1,1,'',0,0,1429786907370,'5991536487228580824','高级工程师'),(37,'18602150680','w7feL4E1DkviXuGRabKt+A==','晶晶','','','/i/user/201504/37_20.png,/i/user/201504/37_120.png,/i/user/201504/37_ori.png','质检员','',1429172910561,'5994385647975756624','监理单位','上海,奉贤','',1,1,2,'',0,0,1429172990900,'5994385647975756624',''),(38,'18602150680','w7feL4E1DkviXuGRabKt+A==','晶晶','18602150680','','/i/user/201504/38_20.png,/i/user/201504/38_120.png,/i/user/201504/38_ori.png','建筑设计师','1至3年',1429173906491,'5994389825241801221','设计单位','北京,顺义','',1,1,2,'',0,0,1431580659517,'5994389825241801221','高级工程师'),(39,'18513953360','w7feL4E1DkviXuGRabKt+A==','大猫','18513953360','','/i/user/201504/39_20.png,/i/user/201504/39_120.png,/i/user/201504/39_ori.png','质检员','8-10年',1429177992066,'5994399565875655129','设计单位','北京市,朝阳区','',1,1,1,'',0,0,1431919198801,'5994399565875655129','高级工程师'),(40,'18620360927','DetnXYhftoo=','luozh','18620360927','luozh@glodon.com','/i/user/201504/40_20.png,/i/user/201504/40_120.png,/i/user/201504/40_ori.png','其他','',1429238276572,'5730577126757085224','其他','','',1,1,2,'',0,0,1429238276576,'5730577126757085224',''),(41,'13331172607','4W207qDdy1jqJ2EcIlMePQ==','杨军','13331172607','','/i/user/201504/41_20.jpg,/i/user/201504/41_120.jpg,/i/user/201504/41_ori.jpg','其他','',1429250046408,'5994709185328750679','其他','','',1,1,1,'',0,0,1429250046408,'5994709185328750679',''),(42,'15201537992','MS8VmvBVitYR0nPS/PT1AQ==','洋溢','15201537992','','/i/user/201504/42_20.png,/i/user/201504/42_120.png,/i/user/201504/42_ori.png','材料员','',1429260680456,'5994753788304576780','劳务分包单位','','',1,1,1,'',0,0,1430120675546,'5994753788304576780',''),(43,'13522201123','jEKHO7moJP3SepS8G294MA==','李毅飞','13522201123','','/i/user/201504/43_20.png,/i/user/201504/43_120.png,/i/user/201504/43_ori.png','其他','',1429274507851,'5994811782510445236','设计单位','','',1,1,2,'',0,0,1429274539463,'5994811782510445236',''),(44,'15810448805','EtR5dtM+YrxH8rkgGyRSVw==','小小犊','15810448805','','/i/user/201504/44_20.png,/i/user/201504/44_120.png,/i/user/201504/44_ori.png','其他','',1429282516154,'5994845371364720974','资讯单位','北京,海淀','',1,1,1,'',0,0,1430362337142,'5994845371364720974',''),(45,'18101067870','G2EhQMNL19ir5y6iM8iVSg==','lucy','18101067870','','/i/user/201504/45_20.png,/i/user/201504/45_120.png,/i/user/201504/45_ori.png','其他','',1429285592685,'5994858278185009316','施工总包单位','','',1,1,2,'',0,0,1429285636732,'5994858278185009316',''),(46,'18813142799','8wg2BcZSZe9xikFhu/+CRw==','高圆圆','','956962250@qq.com','/i/user/201504/46_20.png,/i/user/201504/46_120.png,/i/user/201504/46_ori.png','其他','15年以上',1429499011602,'5995753421072520135','其他','吉林省,松原市','',1,1,1,'',0,0,1430879067201,'5995753421072520135','教授级工程师'),(47,'15130445962','h7ANEpumWmlmI0uA9do1Bg==','无可奉告','15130445962','','/i/user/201504/47_20.jpg,/i/user/201504/47_120.jpg,/i/user/201504/47_ori.jpg','其他','',1429519683031,'5995840123094913313','其他','','',1,1,1,'',0,0,1429519683032,'5995840123094913313',''),(49,'13810245007','GgtB5Ohl9lJTJVeBTv4xgg==','@&%%@','13810245007','lijia640@126.com','/i/user/201504/49_70.jpg,/i/user/201504/49_140.jpg,/i/user/201504/49_ori.jpg','质检员','两1年',1429586497513,'5968552985746804873','专业分包单位','北京-海淀','',1,1,1,'5968552985746804873',0,0,1432262544658,'5968552985746804873','高2级'),(51,'13810898243','16k2ga1gQk/iXuGRabKt+A==','李大妞','13810898243','2327851771@qq.com','/i/user/201504/51_20.jpg,/i/user/201504/51_120.jpg,/i/user/201504/51_ori.jpg','其他','',1429593190664,'5927693715162550887','其他','','',1,1,1,'',0,0,1429593190670,'5927693715162550887',''),(52,'18611974559','J+xcD4KEH8CwEML0liU/Tw==','王自宇','18611974559','','/i/user/201504/52_20.png,/i/user/201504/52_120.png,/i/user/201504/52_ori.png','其他','5至8年',1429595897869,'5996159791377666557','建筑单位','北京,朝阳','',1,1,2,'',0,0,1431507465950,'5996159791377666557','高级工程师'),(53,'13810803710','p1AME74TH/hIx9WkEORQ8w==','franky','13810803710','','/i/user/201504/53_20.png,/i/user/201504/53_120.png,/i/user/201504/53_ori.png','劳务员','',1429601114119,'5996181670889087395','施工总包单位','','',1,1,2,'',0,0,1429754988380,'5996181670889087395',''),(54,'13488880082','0AIBd1ObbDgR0nPS/PT1AQ==','小白龙','13488880082','','/i/user/201504/54_20.png,/i/user/201504/54_120.png,/i/user/201504/54_ori.png','其他','',1429609359312,'5948321445935895254','其他','','',1,1,2,'',0,0,1429847396053,'5948321445935895254',''),(55,'18310137274','MS8VmvBVitYR0nPS/PT1AQ==','超级无敌美少女','18310137274','','/i/user/201504/55_20.png,/i/user/201504/55_120.png,/i/user/201504/55_ori.png','劳务员','3至5年',1429619803384,'5953331198784795632','监理单位','北京,朝阳','',1,1,2,'',0,0,1431397406536,'5953331198784795632','教授级工程师'),(56,'13811084559','J+xcD4KEH8CwEML0liU/Tw==','13811084559','13811084559','','https://account.glodon.com/avatar/show/5996310350361137327/32,https://account.glodon.com/avatar/show/5996310350361137327/48,https://account.glodon.com/avatar/show/5996310350361137327/120','','',1429631793665,'5996310350361137327','','','',1,1,1,'',0,0,1429631793666,'5996310350361137327',''),(58,'18911321500','vW+Llo2SjdziXuGRabKt+A==','孔令童kltaa','18911321500','','/i/user/201504/58_20.png,/i/user/201504/58_120.png,/i/user/201504/58_ori.png','土木工程师','10-13年',1429669715013,'5996469403637801403','设计单位','','',1,1,2,'',0,0,1430878616433,'5996469403637801403','教授级工程师'),(60,'18001320340','1dcBKoUsVj7iq9woSEnLcw==','kk000000','18001320340','','/i/user/201504/60_70.png,/i/user/201504/60_140.png,/i/user/201504/60_ori.png','劳务员','',1429768653526,'5993632921479332426','设计单位','','',1,1,2,'',0,0,1429768653530,'5993632921479332426',''),(61,'15810593984','vW+Llo2SjdziXuGRabKt+A==','石晓娜天','15810593984','','/i/user/201504/61_70.png,/i/user/201504/61_140.png,/i/user/201504/61_ori.png','项目经理','',1429769971110,'5996889908239991219','资讯单位','','',1,1,2,'',0,0,1430112945178,'5996889908239991219',''),(62,'13910951489','4wak+BeRj2WfMTSpy+s9BQ==','赵杰','13910951489','','/i/user/201504/62_70.png,/i/user/201504/62_140.png,/i/user/201504/62_ori.png','项目经理','',1429787289000,'5996962544141218132','专业分包单位','','',1,1,2,'',0,0,1429787289001,'5996962544141218132',''),(63,'15810117562','S4bOjHWO5AgR0nPS/PT1AQ==','晓平贝熙','15810117562','','/i/user/201504/63_70.png,/i/user/201504/63_140.png,/i/user/201504/63_ori.png','其他','',1429861955764,'5895450843456909374','其他','','',1,1,2,'',0,0,1429861955769,'5895450843456909374',''),(64,'18629338222','jS611zAAvV6DmDYIk+TIVQ==','戍恩亮','18629338222','','/i/user/201504/64_70.png,/i/user/201504/64_140.png,/i/user/201504/64_ori.png','项目经理','5至8年',1429865229383,'5997289449939792388','施工总包单位','','',1,1,2,'',0,0,1429865347710,'5997289449939792388','助理工程师'),(65,'15002909006','4W207qDdy1jqJ2EcIlMePQ==','李忠宝','15002909006','','/i/user/201504/65_70.png,/i/user/201504/65_140.png,/i/user/201504/65_ori.png','其他','',1429865680264,'5997291341208806010','其他','','',1,1,2,'',0,0,1429866127624,'5997291341208806010',''),(66,'13701054061','YI0eed7lJvTiXuGRabKt+A==','卢旭东','13701054061','','/i/user/201504/66_70.jpg,/i/user/201504/66_140.jpg,/i/user/201504/66_ori.jpg','其他','',1429866692032,'5904493650130055249','其他','','',1,1,1,'',0,0,1429866692036,'5904493650130055249',''),(67,'guojf@glodon.com','16JsnZ1x12E=','郭建锋','','guojf@glodon.com','https://account.glodon.com/avatar/show/5730522513709150231/32,https://account.glodon.com/avatar/show/5730522513709150231/48,https://account.glodon.com/avatar/show/5730522513709150231/120','','',1429868001838,'5730522513709150231','','','',1,1,2,'',0,0,1429873867632,'5730522513709150231',''),(68,'15210923694','z4YPCGXS4v7tEu6ohXY7og==','邵宇新','15210923694','','/i/user/201504/68_70.png,/i/user/201504/68_140.png,/i/user/201504/68_ori.png','其他','',1429868568024,'5997303452639219905','其他','','',1,1,2,'',0,0,1429868568031,'5997303452639219905',''),(69,'18610049603','Or9MNLDVXM7iXuGRabKt+A==','李伟','18610049603','','/i/user/201504/69_70.jpg,/i/user/201504/69_140.jpg,/i/user/201504/69_ori.jpg','施工员','',1429869274198,'5997306415190782133','专业分包单位','','',1,1,1,'',0,0,1429869274198,'5997306415190782133',''),(70,'13701206568','P4700+5qlam+QvJeC8MzOA==','温鑫','13701206568','','/i/user/201504/70_70.jpg,/i/user/201504/70_140.jpg,/i/user/201504/70_ori.jpg','其他','',1429869506619,'5907351574364209988','其他','','',1,1,1,'',0,0,1429869506624,'5907351574364209988',''),(71,'13916048593','azvoCtSG9No=','郭建锋','13916048593','','/i/user/201504/71_70.png,/i/user/201504/71_140.png,/i/user/201504/71_ori.png','土木工程师','',1429874019775,'5731379047000346626','其他','','',1,1,2,'',0,0,1429874019780,'5731379047000346626',''),(72,'18600055072','dWmDUDDM2w6kcwwXjsN5bg==','杨万勇','18600055072','','/i/user/201504/72_70.png,/i/user/201504/72_140.png,/i/user/201504/72_ori.png','其他','',1429874841069,'5967910495163097238','其他','','',1,1,2,'',0,0,1429874841074,'5967910495163097238',''),(73,'13911383638','ZWysKHMCfn/iXuGRabKt+A==','','13911383638','','https://account.glodon.com/avatar/show/5984560464285586004/32,https://account.glodon.com/avatar/show/5984560464285586004/48,https://account.glodon.com/avatar/show/5984560464285586004/120','','',1429875737017,'5984560464285586004','','','',1,1,2,'',0,0,1429875737021,'5984560464285586004',''),(74,'18610764911','4W207qDdy1jqJ2EcIlMePQ==','彭月','18610764911','','/i/user/201504/74_70.jpg,/i/user/201504/74_140.jpg,/i/user/201504/74_ori.jpg','施工员','',1429876063928,'5997334892354765763','劳务分包单位','','',1,1,1,'',0,0,1429876063928,'5997334892354765763',''),(75,'13801070519','bW/h7nOZ4r7iXuGRabKt+A==','爱华','13801070519','','/i/user/201504/75_70.png,/i/user/201504/75_140.png,/i/user/201504/75_ori.png','项目经理','',1429877958914,'5997342841256411684','劳务分包单位','北京,昌平','',1,1,2,'',0,0,1429877958915,'5997342841256411684',''),(76,'616105525@qq.com','4W207qDdy1jqJ2EcIlMePQ==','','','616105525@qq.com','https://account.glodon.com/avatar/show/5914947646728163581/32,https://account.glodon.com/avatar/show/5914947646728163581/48,https://account.glodon.com/avatar/show/5914947646728163581/120','','',1429879302564,'5914947646728163581','','','',1,1,2,'',0,0,1429879637682,'5914947646728163581',''),(77,'clxb','46P29KjEZic=','clxb','13807106181','','/i/user/201504/77_70.png,/i/user/201504/77_140.png,/i/user/201504/77_ori.png','质检员','',1429882686914,'5856526870409609384','建筑单位','','',1,1,2,'',0,0,1429882742765,'5856526870409609384',''),(78,'13331162003','KyoG4NOQpf3iXuGRabKt+A==','马香明','13331162003','','/i/user/201504/78_70.jpg,/i/user/201504/78_140.jpg,/i/user/201504/78_ori.jpg','其他','',1429883674156,'5948321827234926882','其他','','',1,1,1,'',0,0,1429883674161,'5948321827234926882',''),(79,'13601285564','x9Y2cpe87fQ=','Suzy','13601285564','','/i/user/201504/79_70.png,/i/user/201504/79_140.png,/i/user/201504/79_ori.png','项目经理','',1429904068848,'5806304170744234429','资讯单位','','',1,1,2,'',0,0,1429904068854,'5806304170744234429',''),(80,'zhouxing@test.com','qP9hKUGY5Po=','周星','','zhouxing@test.com','https://account.glodon.com/avatar/show/5790072660668174566/32,https://account.glodon.com/avatar/show/5790072660668174566/48,https://account.glodon.com/avatar/show/5790072660668174566/120','','',1429930580476,'5790072660668174566','','','',1,1,1,'',0,0,1429930580480,'5790072660668174566',''),(81,'13032193076','qP9hKUGY5Po=','陈昊','13032193076','singo108@qq.com','/i/user/201504/81_70.jpg,/i/user/201504/81_140.jpg,/i/user/201504/81_ori.jpg','土木工程师','',1429930630777,'5882309203913118158','设计单位','','',1,1,1,'',0,0,1429930630781,'5882309203913118158',''),(82,'15830029220','R2gYVGkMjCjiXuGRabKt+A==','小雪','15830029220','','/i/user/201504/82_70.png,/i/user/201504/82_140.png,/i/user/201504/82_ori.png','材料员','',1429944132946,'5997620396211065351','专业分包单位','','',1,1,2,'',0,0,1429944925334,'5997620396211065351',''),(83,'13785026944','R2gYVGkMjCjiXuGRabKt+A==','雪雪','13785026944','','/i/user/201504/83_70.png,/i/user/201504/83_140.png,/i/user/201504/83_ori.png','材料员','',1429945990056,'5997628185515455037','建筑单位','','',1,1,2,'',0,0,1429946180192,'5997628185515455037',''),(84,'1076082556@qq.com','GeqAVahk3T0=','小雪','','1076082556@qq.com','/i/user/201504/84_70.png,/i/user/201504/84_140.png,/i/user/201504/84_ori.png','材料员','',1429946375152,'5984247668741247064','建筑单位','','',1,1,2,'',0,0,1430823520348,'5984247668741247064',''),(85,'eolstudio@gmail.com','+AZXRhirP86J9lmG7z9olw==','mihoyo','13661653237','eolstudio@gmail.com','/i/user/201504/85_70.jpg,/i/user/201504/85_140.jpg,/i/user/201504/85_ori.jpg','建筑设计师','8-10年',1429946937710,'5795431354826015645','资讯单位','','',1,1,1,'',0,0,1429946937714,'5795431354826015645','高级工程师'),(86,'13641143513','R2gYVGkMjCjiXuGRabKt+A==','13641143513','13641143513','','/i/user/201504/86_70.jpg,/i/user/201504/86_140.jpg,/i/user/201504/86_ori.jpg','','',1429947034825,'5997632567583056882','','','',1,1,1,'',0,0,1429947034825,'5997632567583056882',''),(87,'15633168106','GeqAVahk3T0=','小雪','','','/i/user/201504/87_70.png,/i/user/201504/87_140.png,/i/user/201504/87_ori.png','材料员','',1430020316133,'5997939801051779947','','','',1,1,1,'',0,0,1430020504717,'5997939801051779947',''),(88,'13718058621','/U2auSm29jv9/YA9Y734hA==','Robert','13718058621','','/i/user/201504/88_70.png,/i/user/201504/88_140.png,/i/user/201504/88_ori.png','项目经理','',1430091043416,'5998236580434960499','施工总包单位','','',1,1,2,'',0,0,1430091095402,'5998236580434960499',''),(89,'15633168106','R2gYVGkMjCjiXuGRabKt+A==','随风','','ningxx_011@163.com','/i/user/201504/89_70.png,/i/user/201504/89_140.png,/i/user/201504/89_ori.png','材料员','',1430104163304,'5998291611620659266','施工总包单位','','',1,1,2,'',0,0,1430209549411,'5998291611620659266',''),(90,'13911375235','nFjzF5Py0kiG9kBp4jJQOA==','秦德旭','13911375235','','/i/user/201504/90_70.jpg,/i/user/201504/90_140.jpg,/i/user/201504/90_ori.jpg','土木工程师','',1430118047740,'5998349847895421530','施工总包单位','','',1,1,1,'',0,0,1430118047740,'5998349847895421530',''),(91,'15369152120','QEp/svaI+BvBXSbLHFny9w==','赵艳锋','15369152120','','/i/user/201504/91_70.png,/i/user/201504/91_140.png,/i/user/201504/91_ori.png','项目经理','',1430118188934,'5998350439967204129','建筑单位','','',1,1,2,'',0,0,1430118188935,'5998350439967204129',''),(92,'18500613346','wLbVXZjlOVc9YFFpoLhMGA==','zxpeng','18500613346','','/i/user/201504/92_70.png,/i/user/201504/92_140.png,/i/user/201504/92_ori.png','项目经理','',1430118255197,'5998350717886911256','建筑单位','','',1,1,2,'',0,0,1430118255198,'5998350717886911256',''),(93,'13808421070','b98+t+NhAbOfVnO63NmP2A==','angel','13808421070','','/i/user/201504/93_70.png,/i/user/201504/93_140.png,/i/user/201504/93_ori.png','其他','',1430118345480,'5998351096539636221','建筑单位','','',1,1,2,'',0,0,1430118345480,'5998351096539636221',''),(94,'18514617955','ajJB6SOhMlpTJVeBTv4xgg==','杨小帅','18514617955','','/i/user/201504/94_70.png,/i/user/201504/94_140.png,/i/user/201504/94_ori.png','施工员','',1430118416560,'5998351394642219878','施工总包单位','','',1,1,2,'',0,0,1430118416561,'5998351394642219878',''),(95,'15201663877','ubG3pC1Eibx7QSL8tV7GUw==','李庆猛','15201663877','','/i/user/201504/95_70.jpg,/i/user/201504/95_140.jpg,/i/user/201504/95_ori.jpg','质检员','',1430118548265,'5998351947052396738','监理单位','','',1,1,1,'',0,0,1430118548265,'5998351947052396738',''),(96,'18523052041','7gQZ8ssLvgKoJvQb0Qy2fA==','zzd','18523052041','','/i/user/201504/96_70.png,/i/user/201504/96_140.png,/i/user/201504/96_ori.png','质检员','',1430118775009,'5998352897518780727','施工总包单位','','',1,1,2,'',0,0,1430118775010,'5998352897518780727',''),(97,'15811257133','YgTjmj3R4u1lHMd6fSiWtg==','马长增','15811257133','','/i/user/201504/97_70.jpg,/i/user/201504/97_140.jpg,/i/user/201504/97_ori.jpg','土木工程师','',1430119670652,'5998356654406632366','施工总包单位','','',1,1,1,'',0,0,1430119670652,'5998356654406632366',''),(98,'18210316696','YI0eed7lJvTdaYfyhtvGVQ==','Andy','18210316696','','/i/user/201504/98_70.jpg,/i/user/201504/98_140.jpg,/i/user/201504/98_ori.jpg','土木工程师','',1430120695119,'5998360950356545992','施工总包单位','','',1,1,1,'',0,0,1430120695119,'5998360950356545992',''),(99,'4444z','xi7lLf/5hjPiXuGRabKt+A==','陈俞','15222009952','www.xiaoyuer761214@126.cn','/i/user/201504/99_70.jpg,/i/user/201504/99_140.jpg,/i/user/201504/99_ori.jpg','其他','',1430121335126,'5888075802171429520','施工总包单位','','',1,1,1,'',0,0,1430121335130,'5888075802171429520',''),(100,'15062111335','+LYeKEa6M+mxc+d3a7Dygw==','这就跟我走','15062111335','','/i/user/201504/100_70.jpg,/i/user/201504/100_140.jpg,/i/user/201504/100_ori.jpg','土木工程师','',1430122502975,'5998368533952340214','建设单位','','',1,1,1,'',0,0,1430123193435,'5998368533952340214',''),(101,'18096365651','BmXTp6YTMDER0nPS/PT1AQ==','林晨','18096365651','','/i/user/201504/101_70.png,/i/user/201504/101_140.png,/i/user/201504/101_ori.png','其他','',1430124454680,'5998376719576527772','施工总包单位','','',1,1,2,'',0,0,1430124513996,'5998376719576527772',''),(102,'15222252375','jxScnkSAimFazbIvyjkVuw==','孟瑞亭','15222252375','','/i/user/201504/102_70.jpg,/i/user/201504/102_140.jpg,/i/user/201504/102_ori.jpg','施工员','',1430125932546,'5998382918140670610','施工总包单位','','',1,1,1,'',0,0,1430125932546,'5998382918140670610',''),(103,'18601989066','mhNVwnBvoDCdk7mP9yXplQ==','tianzhe','18601989066','','/i/user/201504/103_70.png,/i/user/201504/103_140.png,/i/user/201504/103_ori.png','项目经理','',1430128604223,'5998394123471237934','建筑单位','北京,海淀','',1,1,1,'',0,0,1432263141935,'5998394123471237934',''),(104,'13269625373','w+u9gDS9IlLiXuGRabKt+A==','刘亦菲','13269625373','','/i/user/201504/104_70.png,/i/user/201504/104_140.png,/i/user/201504/104_ori.png','项目经理','10-13年',1430133382629,'5998414165013021678','监理单位','北京市,朝阳区','',1,1,1,'',0,0,1431939664626,'5998414165013021678','其他'),(105,'18610310826','vW+Llo2SjdziXuGRabKt+A==','wuxinhua','18610310826','','/i/user/201504/105_70.png,/i/user/201504/105_140.png,/i/user/201504/105_ori.png','项目经理','',1430205701683,'5998717495007724493','资讯单位','','',1,1,2,'',0,0,1431324157645,'5998717495007724493',''),(107,'15633168106','R2gYVGkMjCjiXuGRabKt+A==','小雪','15633168106','','/i/user/201504/107_70.png,/i/user/201504/107_140.png,/i/user/201504/107_ori.png','材料员','1至3年',1430222078153,'5998786180749742600','建筑单位','北京,昌平','',1,0,2,'',0,0,1431999848815,'5998786180749742600','高级工程师'),(109,'15101199379','rOraV15ONSVXQjI8NwPxpg==','Mr耿','15101199379','','/i/user/201504/109_70.png,/i/user/201504/109_140.png,/i/user/201504/109_ori.png','其他','',1430302010234,'5999121441751650331','监理单位','','',1,1,2,'',0,0,1430302010235,'5999121441751650331',''),(111,'18511681891','FPh3SzOg6JFTaDKD2x5/uQ==','轻舞飞扬','18511681891','','/i/user/201504/111_70.png,/i/user/201504/111_140.png,/i/user/201504/111_ori.png','其他','',1430384416017,'5999467076389528499','施工总包单位','','',1,1,2,'',0,0,1430384529884,'5999467076389528499',''),(112,'286441513@qq.com','w7feL4E1DkviXuGRabKt+A==',':-D','','286441513@qq.com','https://account.glodon.com/avatar/show/5983857410758246476/32,https://account.glodon.com/avatar/show/5983857410758246476/48,https://account.glodon.com/avatar/show/5983857410758246476/120','','',1430389301720,'5983857410758246476','','','',1,1,2,'',0,0,1430390012815,'5983857410758246476',''),(113,'tianwangzz_003@163.com','HpZLTpjoFZIYj1ZHMWO/4Q==','能出就出','','tianwangzz_003@163.com','/i/user/201504/113_70.png,/i/user/201504/113_140.png,/i/user/201504/113_ori.png','材料员','',1430389810127,'5999488005965558388','施工总包单位','','',1,1,1,'',0,0,1430719903282,'5999488005965558388',''),(114,'tianwangzz003@sina.com','gJB8pg/Marc=','','','tianwangzz003@sina.com','https://account.glodon.com/avatar/show/5981623478809719084/32,https://account.glodon.com/avatar/show/5981623478809719084/48,https://account.glodon.com/avatar/show/5981623478809719084/120','','',1430391564788,'5981623478809719084','','','',1,1,1,'',0,0,1430391673062,'5981623478809719084',''),(115,'18813142799','8wg2BcZSZe9xikFhu/+CRw==','高圆圆','18813142799','','/i/user/201504/115_70.png,/i/user/201504/115_140.png,/i/user/201504/115_ori.png','项目经理','10-13年',1430392199393,'5999499722322018740','建设单位','北京市,房山区','',1,1,1,'',0,0,1431929574635,'5999499722322018740','高级工程师'),(116,'18310797560','HpZLTpjoFZJlHMd6fSiWtg==','Jiang','','','/i/user/201504/116_70.png,/i/user/201504/116_140.png,/i/user/201504/116_ori.png','项目经理','',1430394230193,'5999508239355826726','专业分包单位','','',1,1,1,'',0,0,1431343189334,'5999508239355826726',''),(117,'13911314294','DQDBRXOR0B3iXuGRabKt+A==','ts','13911314294','','/i/user/201505/117_70.png,/i/user/201505/117_140.png,/i/user/201505/117_ori.png','其他','',1430721141754,'5875045438671860151','其他','','',1,1,1,'',0,0,1430721141758,'5875045438671860151',''),(118,'13031165207','YI0eed7lJvQ/Imll3v5h7w==','新一','13031165207','','/i/user/201505/118_70.png,/i/user/201505/118_140.png,/i/user/201505/118_ori.png','施工员','',1430730420996,'6000918326933750038','施工总包单位','','',1,1,1,'',0,0,1430730420997,'6000918326933750038',''),(119,'13810592096','iD7HJ63F7u9ZyGzcGv9LrQ==','陆畅','13810592096','','/i/user/201505/119_70.png,/i/user/201505/119_140.png,/i/user/201505/119_ori.png','项目经理','',1430792593835,'6001179098893312895','施工总包单位','','',1,1,1,'',0,0,1430792593836,'6001179098893312895',''),(120,'13901394312','ELfJA572kK3zNOwGuogCiQ==','王俊英','13901394312','','/i/user/201505/120_70.png,/i/user/201505/120_140.png,/i/user/201505/120_ori.png','项目经理','',1430794131957,'6001185549099164320','施工总包单位','','',1,1,2,'',0,0,1430794131957,'6001185549099164320',''),(121,'moon_qg@126.com','mKtoPAsw6Cc=','秦爷','','moon_qg@126.com','https://account.glodon.com/avatar/show/5857779351462347660/32,https://account.glodon.com/avatar/show/5857779351462347660/48,https://account.glodon.com/avatar/show/5857779351462347660/120','','',1430808128341,'5857779351462347660','','','',1,1,1,'',0,0,1430825626017,'5857779351462347660',''),(122,'15116901065','HpZLTpjoFZJlHMd6fSiWtg==','希仑','15116901065','','/i/user/201505/122_70.png,/i/user/201505/122_140.png,/i/user/201505/122_ori.png','材料员','8-10年',1430817011732,'5991774914905854273','监理单位','陕西省,宝鸡市','',1,1,2,'',0,0,1432000493194,'5991774914905854273','高级工程师'),(123,'18691020736','HpZLTpjoFZJlHMd6fSiWtg==','鹿丸','18691020736','','/i/user/201505/123_70.png,/i/user/201505/123_140.png,/i/user/201505/123_ori.png','质检员','8-10年',1430882375634,'6001555670474461293','施工总包单位','北京市,东城区','',1,1,1,'',0,0,1432003431148,'6001555670474461293','教授级工程师'),(124,'13488725372','7GR8zb/+F05lHMd6fSiWtg==','刘禹','13488725372','','/i/user/201505/124_70.png,/i/user/201505/124_140.png,/i/user/201505/124_ori.png','施工员','',1430888283526,'6001580448912458399','施工总包单位','','',1,1,1,'',0,0,1430888283528,'6001580448912458399',''),(125,'13759748155','HpZLTpjoFZJlHMd6fSiWtg==','乐乐','13759748155','','/i/user/201505/125_70.png,/i/user/201505/125_140.png,/i/user/201505/125_ori.png','项目经理','',1430986475410,'6001992296932487547','监理单位','北京市,昌平区','',1,1,1,'',0,0,1431396706185,'6001992296932487547',''),(126,'13401031602','1dcBKoUsVj7iq9woSEnLcw==','kk111111','13401031602','','/i/user/201505/126_70.png,/i/user/201505/126_140.png,/i/user/201505/126_ori.png','其他','8-10年',1430999710340,'5993360533890257836','监理单位','西藏自治区,那曲地区','',1,1,1,'',0,0,1432210651600,'5993360533890257836','高级工程师'),(127,'15134321044','xa/XLF+i8f+C+KLDbcu5uA==','乔布斯','15134321044','','/i/user/201505/127_70.png,/i/user/201505/127_140.png,/i/user/201505/127_ori.png','项目经理','',1431062043726,'6002309252025545408','建设单位','','',1,1,1,'',0,0,1431064871924,'6002309252025545408',''),(128,'18600055071','gtTIK7ybHMo=','wss','18600055071','','/i/user/201505/128_70.png,/i/user/201505/128_140.png,/i/user/201505/128_ori.png','其他','',1431075676670,'5938248677630554444','其他','','',1,1,1,'',0,0,1431076194207,'5938248677630554444',''),(129,'13161114400','4hkcqn8w/kzaMbqXu5p6mA==','zenglimin','13161114400','','/i/user/201505/129_70.png,/i/user/201505/129_140.png,/i/user/201505/129_ori.png','施工员','',1431313127298,'5993679958379315843','施工总包单位','','',1,1,2,'',0,0,1431313127304,'5993679958379315843',''),(130,'13331066651','Qm+9f4fYLRLiXuGRabKt+A==','阿坝','13331066651','','/i/user/201505/130_70.png,/i/user/201505/130_140.png,/i/user/201505/130_ori.png','材料员','',1431323365892,'6003405317429826212','专业分包单位','','',1,1,1,'',0,0,1431334825864,'6003405317429826212',''),(131,'13671210625','YI0eed7lJvQto/TvJm1r9g==','可可','13671210625','','/i/user/201505/131_70.png,/i/user/201505/131_140.png,/i/user/201505/131_ori.png','质检员','5-8年',1431329339767,'5984653898937119245','专业分包单位','北京市,东城区','',1,1,1,'',0,0,1432206488135,'5984653898937119245','教授级工程师'),(132,'13661306428','KTwWPU0iN3t7KVaPTwgT9A==','日尧牙佳','13661306428','','/i/user/201505/132_70.png,/i/user/201505/132_140.png,/i/user/201505/132_ori.png','土木工程师','',1431331215593,'6003438242262585374','建筑单位','','',1,1,2,'',0,0,1431331253171,'6003438242262585374',''),(133,'18310797560','HpZLTpjoFZJlHMd6fSiWtg==','','','','https://account.glodon.com/avatar/show/6003861218389270573/32,https://account.glodon.com/avatar/show/6003861218389270573/48,https://account.glodon.com/avatar/show/6003861218389270573/120','','',1431432061283,'6003861218389270573','','','',1,1,1,'',0,0,1431432061283,'6003861218389270573',''),(134,'18310797560','HpZLTpjoFZJlHMd6fSiWtg==','GH','','','/i/user/201505/134_70.png,/i/user/201505/134_140.png,/i/user/201505/134_ori.png','材料员','',1431432842489,'6003864494941377141','专业分包单位','','',1,1,1,'',0,0,1431432842489,'6003864494941377141',''),(135,'18310797560','HpZLTpjoFZJlHMd6fSiWtg==','jobs','','','/i/user/201505/135_70.png,/i/user/201505/135_140.png,/i/user/201505/135_ori.png','建筑设计师','10-13年',1431433645359,'6003867863106502816','设计单位','北京市,昌平区','',1,0,1,'',0,0,1431433645359,'6003867863106502816','教授级工程师'),(136,'18310797560','HpZLTpjoFZJlHMd6fSiWtg==','jobs','18310797560','','/i/user/201505/136_70.png,/i/user/201505/136_140.png,/i/user/201505/136_ori.png','材料员','8-10年',1431434543127,'6003871627779093503','专业分包单位','北京市,昌平区','',1,1,1,'',0,0,1432016483181,'6003871627779093503','其他'),(137,'18600805836','GgtB5Ohl9lJTJVeBTv4xgg==','老咯','18600805836','','/i/user/201505/137_70.png,/i/user/201505/137_140.png,/i/user/201505/137_ori.png','其他','',1431570296003,'5998780131765621330','其他','','',1,1,1,'',0,0,1432264085799,'5998780131765621330',''),(138,'13717806269','mhNVwnBvoDCdk7mP9yXplQ==','','13717806269','','https://account.glodon.com/avatar/show/6004806256863203867/32,https://account.glodon.com/avatar/show/6004806256863203867/48,https://account.glodon.com/avatar/show/6004806256863203867/120','','',1431657375747,'6004806256863203867','','','',1,1,2,'',0,0,1431657407658,'6004806256863203867',''),(139,'13671186310','FaBr1NweNcG5V5pr5dfCKg==','吴俊','13671186310','wuheewzj@163.com','/i/user/201505/139_70.png,/i/user/201505/139_140.png,/i/user/201505/139_ori.png','项目经理','',1431666273901,'5918635394643374886','建设单位','','',1,1,1,'',0,0,1431666273906,'5918635394643374886',''),(140,'15210808063','3aurx6U7mlefVnO63NmP2A==','茜云','15210808063','','/i/user/201505/140_70.png,/i/user/201505/140_140.png,/i/user/201505/140_ori.png','项目经理','',1431958545275,'6006069450724401463','建设单位','','',1,1,1,'',0,0,1432123598563,'6006069450724401463',''),(141,'18504391766','5pfB+4vczJjiXuGRabKt+A==','','18504391766','','/i/user/201505/141_70.png,/i/user/201505/141_140.png,/i/user/201505/141_ori.png','','',1432202979208,'6007094682608734230','','','',1,1,2,'',0,0,1432211962415,'6007094682608734230','');
/*!40000 ALTER TABLE `user` ENABLE KEYS */;
UNLOCK TABLES;
/*!40103 SET TIME_ZONE=@OLD_TIME_ZONE */;

/*!40101 SET SQL_MODE=@OLD_SQL_MODE */;
/*!40014 SET FOREIGN_KEY_CHECKS=@OLD_FOREIGN_KEY_CHECKS */;
/*!40014 SET UNIQUE_CHECKS=@OLD_UNIQUE_CHECKS */;
/*!40101 SET CHARACTER_SET_CLIENT=@OLD_CHARACTER_SET_CLIENT */;
/*!40101 SET CHARACTER_SET_RESULTS=@OLD_CHARACTER_SET_RESULTS */;
/*!40101 SET COLLATION_CONNECTION=@OLD_COLLATION_CONNECTION */;
/*!40111 SET SQL_NOTES=@OLD_SQL_NOTES */;

-- Dump completed on 2015-08-04 20:59:05
